<?xml version="1.0" encoding="UTF-8"?>
<jmeterTestPlan version="1.2" properties="2.8" jmeter="2.13 r1665067">
  <hashTree>
    <TestPlan guiclass="TestPlanGui" testclass="TestPlan" testname="Test Plan" enabled="true">
      <stringProp name="TestPlan.comments"></stringProp>
      <boolProp name="TestPlan.functional_mode">false</boolProp>
      <boolProp name="TestPlan.serialize_threadgroups">false</boolProp>
      <elementProp name="TestPlan.user_defined_variables" elementType="Arguments" guiclass="ArgumentsPanel" testclass="Arguments" testname="User Defined Variables" enabled="true">
        <collectionProp name="Arguments.arguments"/>
      </elementProp>
      <stringProp name="TestPlan.user_define_classpath"></stringProp>
    </TestPlan>
    <hashTree>
      <CacheManager guiclass="CacheManagerGui" testclass="CacheManager" testname="HTTP Cache Manager" enabled="true">
        <boolProp name="clearEachIteration">true</boolProp>
        <boolProp name="useExpires">true</boolProp>
      </CacheManager>
      <hashTree/>
      <CookieManager guiclass="CookiePanel" testclass="CookieManager" testname="HTTP Cookie Manager" enabled="true">
        <collectionProp name="CookieManager.cookies"/>
        <boolProp name="CookieManager.clearEachIteration">true</boolProp>
      </CookieManager>
      <hashTree/>
      <HeaderManager guiclass="HeaderPanel" testclass="HeaderManager" testname="HTTP Header Manager" enabled="true">
        <collectionProp name="HeaderManager.headers"/>
      </HeaderManager>
      <hashTree/>
      <RandomVariableConfig guiclass="TestBeanGUI" testclass="RandomVariableConfig" testname="Random Variable" enabled="true">
        <stringProp name="maximumValue">900000000000000</stringProp>
        <stringProp name="minimumValue">1</stringProp>
        <stringProp name="outputFormat">ARTICLE_000000000000000</stringProp>
        <boolProp name="perThread">true</boolProp>
        <stringProp name="randomSeed"></stringProp>
        <stringProp name="variableName">article_title</stringProp>
      </RandomVariableConfig>
      <hashTree/>
      <ResultCollector guiclass="ViewResultsFullVisualizer" testclass="ResultCollector" testname="View Results Tree" enabled="true">
        <boolProp name="ResultCollector.error_logging">false</boolProp>
        <objProp>
          <name>saveConfig</name>
          <value class="SampleSaveConfiguration">
            <time>true</time>
            <latency>true</latency>
            <timestamp>true</timestamp>
            <success>true</success>
            <label>true</label>
            <code>true</code>
            <message>true</message>
            <threadName>true</threadName>
            <dataType>true</dataType>
            <encoding>false</encoding>
            <assertions>true</assertions>
            <subresults>true</subresults>
            <responseData>false</responseData>
            <samplerData>false</samplerData>
            <xml>false</xml>
            <fieldNames>false</fieldNames>
            <responseHeaders>false</responseHeaders>
            <requestHeaders>false</requestHeaders>
            <responseDataOnError>false</responseDataOnError>
            <saveAssertionResultsFailureMessage>false</saveAssertionResultsFailureMessage>
            <assertionsResultsToSave>0</assertionsResultsToSave>
            <bytes>true</bytes>
            <threadCounts>true</threadCounts>
          </value>
        </objProp>
        <stringProp name="filename"></stringProp>
      </ResultCollector>
      <hashTree/>
      <ThreadGroup guiclass="ThreadGroupGui" testclass="ThreadGroup" testname="Add-Article" enabled="true">
        <stringProp name="ThreadGroup.on_sample_error">continue</stringProp>
        <elementProp name="ThreadGroup.main_controller" elementType="LoopController" guiclass="LoopControlPanel" testclass="LoopController" testname="Loop Controller" enabled="true">
          <boolProp name="LoopController.continue_forever">false</boolProp>
          <stringProp name="LoopController.loops">1</stringProp>
        </elementProp>
        <stringProp name="ThreadGroup.num_threads">1</stringProp>
        <stringProp name="ThreadGroup.ramp_time">1</stringProp>
        <longProp name="ThreadGroup.start_time">1444828903000</longProp>
        <longProp name="ThreadGroup.end_time">1444828903000</longProp>
        <boolProp name="ThreadGroup.scheduler">false</boolProp>
        <stringProp name="ThreadGroup.duration"></stringProp>
        <stringProp name="ThreadGroup.delay"></stringProp>
      </ThreadGroup>
      <hashTree>
        <HTTPSamplerProxy guiclass="HttpTestSampleGui" testclass="HTTPSamplerProxy" testname="/" enabled="true">
          <elementProp name="HTTPsampler.Arguments" elementType="Arguments" guiclass="HTTPArgumentsPanel" testclass="Arguments" enabled="true">
            <collectionProp name="Arguments.arguments"/>
          </elementProp>
          <stringProp name="HTTPSampler.domain">localhost</stringProp>
          <stringProp name="HTTPSampler.port">15080</stringProp>
          <stringProp name="HTTPSampler.connect_timeout"></stringProp>
          <stringProp name="HTTPSampler.response_timeout"></stringProp>
          <stringProp name="HTTPSampler.protocol">http</stringProp>
          <stringProp name="HTTPSampler.contentEncoding"></stringProp>
          <stringProp name="HTTPSampler.path">/</stringProp>
          <stringProp name="HTTPSampler.method">GET</stringProp>
          <boolProp name="HTTPSampler.follow_redirects">true</boolProp>
          <boolProp name="HTTPSampler.auto_redirects">false</boolProp>
          <boolProp name="HTTPSampler.use_keepalive">true</boolProp>
          <boolProp name="HTTPSampler.DO_MULTIPART_POST">false</boolProp>
          <boolProp name="HTTPSampler.image_parser">true</boolProp>
          <boolProp name="HTTPSampler.monitor">false</boolProp>
          <stringProp name="HTTPSampler.embedded_url_re"></stringProp>
        </HTTPSamplerProxy>
        <hashTree>
          <HeaderManager guiclass="HeaderPanel" testclass="HeaderManager" testname="HTTP Header Manager" enabled="true">
            <collectionProp name="HeaderManager.headers">
              <elementProp name="Accept-Language" elementType="Header">
                <stringProp name="Header.name">Accept-Language</stringProp>
                <stringProp name="Header.value">en-US,en;q=0.5</stringProp>
              </elementProp>
              <elementProp name="Accept" elementType="Header">
                <stringProp name="Header.name">Accept</stringProp>
                <stringProp name="Header.value">text/html,application/xhtml+xml,application/xml;q=0.9,*/*;q=0.8</stringProp>
              </elementProp>
              <elementProp name="User-Agent" elementType="Header">
                <stringProp name="Header.name">User-Agent</stringProp>
                <stringProp name="Header.value">Mozilla/5.0 (Macintosh; Intel Mac OS X 10.11; rv:41.0) Gecko/20100101 Firefox/41.0</stringProp>
              </elementProp>
              <elementProp name="Accept-Encoding" elementType="Header">
                <stringProp name="Header.name">Accept-Encoding</stringProp>
                <stringProp name="Header.value">gzip, deflate</stringProp>
              </elementProp>
            </collectionProp>
          </HeaderManager>
          <hashTree/>
          <RegexExtractor guiclass="RegexExtractorGui" testclass="RegexExtractor" testname="Regular Expression Extractor" enabled="true">
            <stringProp name="RegexExtractor.useHeaders">false</stringProp>
            <stringProp name="RegexExtractor.refname">form_build_id</stringProp>
            <stringProp name="RegexExtractor.regex">form_build_id&quot; value=&quot;(.+)&quot;</stringProp>
            <stringProp name="RegexExtractor.template">$1$</stringProp>
            <stringProp name="RegexExtractor.default">form_build_id NOT FOUND</stringProp>
            <stringProp name="RegexExtractor.match_number">1</stringProp>
          </RegexExtractor>
          <hashTree/>
        </hashTree>
        <HTTPSamplerProxy guiclass="HttpTestSampleGui" testclass="HTTPSamplerProxy" testname="/node?destination=node" enabled="true">
          <elementProp name="HTTPsampler.Arguments" elementType="Arguments" guiclass="HTTPArgumentsPanel" testclass="Arguments" enabled="true">
            <collectionProp name="Arguments.arguments">
              <elementProp name="name" elementType="HTTPArgument">
                <boolProp name="HTTPArgument.always_encode">false</boolProp>
                <stringProp name="Argument.name">name</stringProp>
                <stringProp name="Argument.value">admin</stringProp>
                <stringProp name="Argument.metadata">=</stringProp>
                <boolProp name="HTTPArgument.use_equals">true</boolProp>
              </elementProp>
              <elementProp name="pass" elementType="HTTPArgument">
                <boolProp name="HTTPArgument.always_encode">false</boolProp>
                <stringProp name="Argument.name">pass</stringProp>
                <stringProp name="Argument.value">admLn**</stringProp>
                <stringProp name="Argument.metadata">=</stringProp>
                <boolProp name="HTTPArgument.use_equals">true</boolProp>
              </elementProp>
              <elementProp name="form_build_id" elementType="HTTPArgument">
                <boolProp name="HTTPArgument.always_encode">false</boolProp>
                <stringProp name="Argument.name">form_build_id</stringProp>
                <stringProp name="Argument.value">${form_build_id}</stringProp>
                <stringProp name="Argument.metadata">=</stringProp>
                <boolProp name="HTTPArgument.use_equals">true</boolProp>
              </elementProp>
              <elementProp name="form_id" elementType="HTTPArgument">
                <boolProp name="HTTPArgument.always_encode">false</boolProp>
                <stringProp name="Argument.name">form_id</stringProp>
                <stringProp name="Argument.value">user_login_block</stringProp>
                <stringProp name="Argument.metadata">=</stringProp>
                <boolProp name="HTTPArgument.use_equals">true</boolProp>
              </elementProp>
              <elementProp name="op" elementType="HTTPArgument">
                <boolProp name="HTTPArgument.always_encode">false</boolProp>
                <stringProp name="Argument.name">op</stringProp>
                <stringProp name="Argument.value">Log+in</stringProp>
                <stringProp name="Argument.metadata">=</stringProp>
                <boolProp name="HTTPArgument.use_equals">true</boolProp>
              </elementProp>
            </collectionProp>
          </elementProp>
          <stringProp name="HTTPSampler.domain">localhost</stringProp>
          <stringProp name="HTTPSampler.port">15080</stringProp>
          <stringProp name="HTTPSampler.connect_timeout"></stringProp>
          <stringProp name="HTTPSampler.response_timeout"></stringProp>
          <stringProp name="HTTPSampler.protocol">http</stringProp>
          <stringProp name="HTTPSampler.contentEncoding"></stringProp>
          <stringProp name="HTTPSampler.path">/node?destination=node</stringProp>
          <stringProp name="HTTPSampler.method">POST</stringProp>
          <boolProp name="HTTPSampler.follow_redirects">true</boolProp>
          <boolProp name="HTTPSampler.auto_redirects">false</boolProp>
          <boolProp name="HTTPSampler.use_keepalive">true</boolProp>
          <boolProp name="HTTPSampler.DO_MULTIPART_POST">false</boolProp>
          <boolProp name="HTTPSampler.image_parser">true</boolProp>
          <boolProp name="HTTPSampler.monitor">false</boolProp>
          <stringProp name="HTTPSampler.embedded_url_re"></stringProp>
          <stringProp name="TestPlan.comments">Detected the start of a redirect chain</stringProp>
        </HTTPSamplerProxy>
        <hashTree>
          <HeaderManager guiclass="HeaderPanel" testclass="HeaderManager" testname="HTTP Header Manager" enabled="true">
            <collectionProp name="HeaderManager.headers">
              <elementProp name="Content-Type" elementType="Header">
                <stringProp name="Header.name">Content-Type</stringProp>
                <stringProp name="Header.value">application/x-www-form-urlencoded</stringProp>
              </elementProp>
              <elementProp name="Accept-Language" elementType="Header">
                <stringProp name="Header.name">Accept-Language</stringProp>
                <stringProp name="Header.value">en-US,en;q=0.5</stringProp>
              </elementProp>
              <elementProp name="Accept" elementType="Header">
                <stringProp name="Header.name">Accept</stringProp>
                <stringProp name="Header.value">text/html,application/xhtml+xml,application/xml;q=0.9,*/*;q=0.8</stringProp>
              </elementProp>
              <elementProp name="User-Agent" elementType="Header">
                <stringProp name="Header.name">User-Agent</stringProp>
                <stringProp name="Header.value">Mozilla/5.0 (Macintosh; Intel Mac OS X 10.11; rv:41.0) Gecko/20100101 Firefox/41.0</stringProp>
              </elementProp>
              <elementProp name="Referer" elementType="Header">
                <stringProp name="Header.name">Referer</stringProp>
                <stringProp name="Header.value">http://localhost:15080/</stringProp>
              </elementProp>
              <elementProp name="Accept-Encoding" elementType="Header">
                <stringProp name="Header.name">Accept-Encoding</stringProp>
                <stringProp name="Header.value">gzip, deflate</stringProp>
              </elementProp>
            </collectionProp>
          </HeaderManager>
          <hashTree/>
          <RegexExtractor guiclass="RegexExtractorGui" testclass="RegexExtractor" testname="Regular Expression Extractor" enabled="true">
            <stringProp name="RegexExtractor.useHeaders">false</stringProp>
            <stringProp name="RegexExtractor.refname">form_build_id</stringProp>
            <stringProp name="RegexExtractor.regex">form_build_id&quot; value=&quot;(.+)&quot;</stringProp>
            <stringProp name="RegexExtractor.template">$1$</stringProp>
            <stringProp name="RegexExtractor.default">form_build_id NOT FOUND</stringProp>
            <stringProp name="RegexExtractor.match_number">1</stringProp>
          </RegexExtractor>
          <hashTree/>
          <RegexExtractor guiclass="RegexExtractorGui" testclass="RegexExtractor" testname="Regular Expression Extractor-Token_ID" enabled="true">
            <stringProp name="RegexExtractor.useHeaders">false</stringProp>
            <stringProp name="RegexExtractor.refname">form_token_id</stringProp>
            <stringProp name="RegexExtractor.regex">form_token&quot; value=&quot;(.+)&quot;</stringProp>
            <stringProp name="RegexExtractor.template">$1$</stringProp>
            <stringProp name="RegexExtractor.default">form_build_id NOT FOUND</stringProp>
            <stringProp name="RegexExtractor.match_number">1</stringProp>
          </RegexExtractor>
          <hashTree/>
        </hashTree>
        <HTTPSamplerProxy guiclass="HttpTestSampleGui" testclass="HTTPSamplerProxy" testname="/modules/overlay/images/background.png" enabled="true">
          <elementProp name="HTTPsampler.Arguments" elementType="Arguments" guiclass="HTTPArgumentsPanel" testclass="Arguments" enabled="true">
            <collectionProp name="Arguments.arguments"/>
          </elementProp>
          <stringProp name="HTTPSampler.domain">localhost</stringProp>
          <stringProp name="HTTPSampler.port">15080</stringProp>
          <stringProp name="HTTPSampler.connect_timeout"></stringProp>
          <stringProp name="HTTPSampler.response_timeout"></stringProp>
          <stringProp name="HTTPSampler.protocol">http</stringProp>
          <stringProp name="HTTPSampler.contentEncoding"></stringProp>
          <stringProp name="HTTPSampler.path">/modules/overlay/images/background.png</stringProp>
          <stringProp name="HTTPSampler.method">GET</stringProp>
          <boolProp name="HTTPSampler.follow_redirects">true</boolProp>
          <boolProp name="HTTPSampler.auto_redirects">false</boolProp>
          <boolProp name="HTTPSampler.use_keepalive">true</boolProp>
          <boolProp name="HTTPSampler.DO_MULTIPART_POST">false</boolProp>
          <boolProp name="HTTPSampler.image_parser">true</boolProp>
          <boolProp name="HTTPSampler.monitor">false</boolProp>
          <stringProp name="HTTPSampler.embedded_url_re"></stringProp>
        </HTTPSamplerProxy>
        <hashTree>
          <HeaderManager guiclass="HeaderPanel" testclass="HeaderManager" testname="HTTP Header Manager" enabled="true">
            <collectionProp name="HeaderManager.headers">
              <elementProp name="Accept-Language" elementType="Header">
                <stringProp name="Header.name">Accept-Language</stringProp>
                <stringProp name="Header.value">en-US,en;q=0.5</stringProp>
              </elementProp>
              <elementProp name="Accept" elementType="Header">
                <stringProp name="Header.name">Accept</stringProp>
                <stringProp name="Header.value">image/png,image/*;q=0.8,*/*;q=0.5</stringProp>
              </elementProp>
              <elementProp name="User-Agent" elementType="Header">
                <stringProp name="Header.name">User-Agent</stringProp>
                <stringProp name="Header.value">Mozilla/5.0 (Macintosh; Intel Mac OS X 10.11; rv:41.0) Gecko/20100101 Firefox/41.0</stringProp>
              </elementProp>
              <elementProp name="Referer" elementType="Header">
                <stringProp name="Header.name">Referer</stringProp>
                <stringProp name="Header.value">http://localhost:15080/modules/overlay/overlay-parent.css?nfnmit</stringProp>
              </elementProp>
              <elementProp name="Accept-Encoding" elementType="Header">
                <stringProp name="Header.name">Accept-Encoding</stringProp>
                <stringProp name="Header.value">gzip, deflate</stringProp>
              </elementProp>
            </collectionProp>
          </HeaderManager>
          <hashTree/>
        </hashTree>
        <HTTPSamplerProxy guiclass="HttpTestSampleGui" testclass="HTTPSamplerProxy" testname="/node/add/article" enabled="true">
          <elementProp name="HTTPsampler.Arguments" elementType="Arguments" guiclass="HTTPArgumentsPanel" testclass="Arguments" enabled="true">
            <collectionProp name="Arguments.arguments">
              <elementProp name="render" elementType="HTTPArgument">
                <boolProp name="HTTPArgument.always_encode">false</boolProp>
                <stringProp name="Argument.name">render</stringProp>
                <stringProp name="Argument.value">overlay</stringProp>
                <stringProp name="Argument.metadata">=</stringProp>
                <boolProp name="HTTPArgument.use_equals">true</boolProp>
              </elementProp>
            </collectionProp>
          </elementProp>
          <stringProp name="HTTPSampler.domain">localhost</stringProp>
          <stringProp name="HTTPSampler.port">15080</stringProp>
          <stringProp name="HTTPSampler.connect_timeout"></stringProp>
          <stringProp name="HTTPSampler.response_timeout"></stringProp>
          <stringProp name="HTTPSampler.protocol">http</stringProp>
          <stringProp name="HTTPSampler.contentEncoding"></stringProp>
          <stringProp name="HTTPSampler.path">/node/add/article</stringProp>
          <stringProp name="HTTPSampler.method">GET</stringProp>
          <boolProp name="HTTPSampler.follow_redirects">true</boolProp>
          <boolProp name="HTTPSampler.auto_redirects">false</boolProp>
          <boolProp name="HTTPSampler.use_keepalive">true</boolProp>
          <boolProp name="HTTPSampler.DO_MULTIPART_POST">false</boolProp>
          <boolProp name="HTTPSampler.image_parser">true</boolProp>
          <boolProp name="HTTPSampler.monitor">false</boolProp>
          <stringProp name="HTTPSampler.embedded_url_re"></stringProp>
        </HTTPSamplerProxy>
        <hashTree>
          <HeaderManager guiclass="HeaderPanel" testclass="HeaderManager" testname="HTTP Header Manager" enabled="true">
            <collectionProp name="HeaderManager.headers">
              <elementProp name="Accept-Language" elementType="Header">
                <stringProp name="Header.name">Accept-Language</stringProp>
                <stringProp name="Header.value">en-US,en;q=0.5</stringProp>
              </elementProp>
              <elementProp name="Accept" elementType="Header">
                <stringProp name="Header.name">Accept</stringProp>
                <stringProp name="Header.value">text/html,application/xhtml+xml,application/xml;q=0.9,*/*;q=0.8</stringProp>
              </elementProp>
              <elementProp name="User-Agent" elementType="Header">
                <stringProp name="Header.name">User-Agent</stringProp>
                <stringProp name="Header.value">Mozilla/5.0 (Macintosh; Intel Mac OS X 10.11; rv:41.0) Gecko/20100101 Firefox/41.0</stringProp>
              </elementProp>
              <elementProp name="Referer" elementType="Header">
                <stringProp name="Header.name">Referer</stringProp>
                <stringProp name="Header.value">http://localhost:15080/node</stringProp>
              </elementProp>
              <elementProp name="Accept-Encoding" elementType="Header">
                <stringProp name="Header.name">Accept-Encoding</stringProp>
                <stringProp name="Header.value">gzip, deflate</stringProp>
              </elementProp>
            </collectionProp>
          </HeaderManager>
          <hashTree/>
          <RegexExtractor guiclass="RegexExtractorGui" testclass="RegexExtractor" testname="Regular Expression Extractor" enabled="true">
            <stringProp name="RegexExtractor.useHeaders">false</stringProp>
            <stringProp name="RegexExtractor.refname">form_build_id</stringProp>
            <stringProp name="RegexExtractor.regex">form_build_id&quot; value=&quot;(.+)&quot;</stringProp>
            <stringProp name="RegexExtractor.template">$1$</stringProp>
            <stringProp name="RegexExtractor.default">form_build_id NOT FOUND</stringProp>
            <stringProp name="RegexExtractor.match_number">1</stringProp>
          </RegexExtractor>
          <hashTree/>
          <RegexExtractor guiclass="RegexExtractorGui" testclass="RegexExtractor" testname="Regular Expression Extractor-Token_ID" enabled="true">
            <stringProp name="RegexExtractor.useHeaders">false</stringProp>
            <stringProp name="RegexExtractor.refname">form_token_id</stringProp>
            <stringProp name="RegexExtractor.regex">form_token&quot; value=&quot;(.+)&quot;</stringProp>
            <stringProp name="RegexExtractor.template">$1$</stringProp>
            <stringProp name="RegexExtractor.default">form_token NOT FOUND</stringProp>
            <stringProp name="RegexExtractor.match_number">1</stringProp>
          </RegexExtractor>
          <hashTree/>
        </hashTree>
        <HTTPSamplerProxy guiclass="HttpTestSampleGui" testclass="HTTPSamplerProxy" testname="/node/add/article?render=overlay&amp;render=overlay" enabled="true">
          <elementProp name="HTTPsampler.Arguments" elementType="Arguments" guiclass="HTTPArgumentsPanel" testclass="Arguments" enabled="true">
            <collectionProp name="Arguments.arguments">
              <elementProp name="title" elementType="HTTPArgument">
                <boolProp name="HTTPArgument.always_encode">false</boolProp>
                <stringProp name="Argument.name">title</stringProp>
                <stringProp name="Argument.value">${article_title}</stringProp>
                <stringProp name="Argument.metadata">=</stringProp>
                <boolProp name="HTTPArgument.use_equals">true</boolProp>
              </elementProp>
              <elementProp name="field_tags[und]" elementType="HTTPArgument">
                <boolProp name="HTTPArgument.always_encode">false</boolProp>
                <stringProp name="Argument.name">field_tags[und]</stringProp>
                <stringProp name="Argument.value">jmeter</stringProp>
                <stringProp name="Argument.metadata">=</stringProp>
                <boolProp name="HTTPArgument.use_equals">true</boolProp>
              </elementProp>
              <elementProp name="body[und][0][summary]" elementType="HTTPArgument">
                <boolProp name="HTTPArgument.always_encode">false</boolProp>
                <stringProp name="Argument.name">body[und][0][summary]</stringProp>
                <stringProp name="Argument.value"></stringProp>
                <stringProp name="Argument.metadata">=</stringProp>
                <boolProp name="HTTPArgument.use_equals">true</boolProp>
              </elementProp>
              <elementProp name="body[und][0][value]" elementType="HTTPArgument">
                <boolProp name="HTTPArgument.always_encode">false</boolProp>
                <stringProp name="Argument.name">body[und][0][value]</stringProp>
                <stringProp name="Argument.value">hello</stringProp>
                <stringProp name="Argument.metadata">=</stringProp>
                <boolProp name="HTTPArgument.use_equals">true</boolProp>
              </elementProp>
              <elementProp name="body[und][0][format]" elementType="HTTPArgument">
                <boolProp name="HTTPArgument.always_encode">false</boolProp>
                <stringProp name="Argument.name">body[und][0][format]</stringProp>
                <stringProp name="Argument.value">filtered_html</stringProp>
                <stringProp name="Argument.metadata">=</stringProp>
                <boolProp name="HTTPArgument.use_equals">true</boolProp>
              </elementProp>
              <elementProp name="field_image[und][0][fid]" elementType="HTTPArgument">
                <boolProp name="HTTPArgument.always_encode">false</boolProp>
                <stringProp name="Argument.name">field_image[und][0][fid]</stringProp>
                <stringProp name="Argument.value">0</stringProp>
                <stringProp name="Argument.metadata">=</stringProp>
                <boolProp name="HTTPArgument.use_equals">true</boolProp>
              </elementProp>
              <elementProp name="field_image[und][0][display]" elementType="HTTPArgument">
                <boolProp name="HTTPArgument.always_encode">false</boolProp>
                <stringProp name="Argument.name">field_image[und][0][display]</stringProp>
                <stringProp name="Argument.value">1</stringProp>
                <stringProp name="Argument.metadata">=</stringProp>
                <boolProp name="HTTPArgument.use_equals">true</boolProp>
              </elementProp>
              <elementProp name="changed" elementType="HTTPArgument">
                <boolProp name="HTTPArgument.always_encode">false</boolProp>
                <stringProp name="Argument.name">changed</stringProp>
                <stringProp name="Argument.value"></stringProp>
                <stringProp name="Argument.metadata">=</stringProp>
                <boolProp name="HTTPArgument.use_equals">true</boolProp>
              </elementProp>
              <elementProp name="form_build_id" elementType="HTTPArgument">
                <boolProp name="HTTPArgument.always_encode">false</boolProp>
                <stringProp name="Argument.name">form_build_id</stringProp>
                <stringProp name="Argument.value">${form_build_id}</stringProp>
                <stringProp name="Argument.metadata">=</stringProp>
                <boolProp name="HTTPArgument.use_equals">true</boolProp>
              </elementProp>
              <elementProp name="form_token" elementType="HTTPArgument">
                <boolProp name="HTTPArgument.always_encode">false</boolProp>
                <stringProp name="Argument.name">form_token</stringProp>
                <stringProp name="Argument.value">${form_token_id}</stringProp>
                <stringProp name="Argument.metadata">=</stringProp>
                <boolProp name="HTTPArgument.use_equals">true</boolProp>
              </elementProp>
              <elementProp name="form_id" elementType="HTTPArgument">
                <boolProp name="HTTPArgument.always_encode">false</boolProp>
                <stringProp name="Argument.name">form_id</stringProp>
                <stringProp name="Argument.value">article_node_form</stringProp>
                <stringProp name="Argument.metadata">=</stringProp>
                <boolProp name="HTTPArgument.use_equals">true</boolProp>
              </elementProp>
              <elementProp name="menu[link_title]" elementType="HTTPArgument">
                <boolProp name="HTTPArgument.always_encode">false</boolProp>
                <stringProp name="Argument.name">menu[link_title]</stringProp>
                <stringProp name="Argument.value"></stringProp>
                <stringProp name="Argument.metadata">=</stringProp>
                <boolProp name="HTTPArgument.use_equals">true</boolProp>
              </elementProp>
              <elementProp name="menu[description]" elementType="HTTPArgument">
                <boolProp name="HTTPArgument.always_encode">false</boolProp>
                <stringProp name="Argument.name">menu[description]</stringProp>
                <stringProp name="Argument.value"></stringProp>
                <stringProp name="Argument.metadata">=</stringProp>
                <boolProp name="HTTPArgument.use_equals">true</boolProp>
              </elementProp>
              <elementProp name="menu[parent]" elementType="HTTPArgument">
                <boolProp name="HTTPArgument.always_encode">false</boolProp>
                <stringProp name="Argument.name">menu[parent]</stringProp>
                <stringProp name="Argument.value">main-menu:0</stringProp>
                <stringProp name="Argument.metadata">=</stringProp>
                <boolProp name="HTTPArgument.use_equals">true</boolProp>
              </elementProp>
              <elementProp name="menu[weight]" elementType="HTTPArgument">
                <boolProp name="HTTPArgument.always_encode">false</boolProp>
                <stringProp name="Argument.name">menu[weight]</stringProp>
                <stringProp name="Argument.value">0</stringProp>
                <stringProp name="Argument.metadata">=</stringProp>
                <boolProp name="HTTPArgument.use_equals">true</boolProp>
              </elementProp>
              <elementProp name="log" elementType="HTTPArgument">
                <boolProp name="HTTPArgument.always_encode">false</boolProp>
                <stringProp name="Argument.name">log</stringProp>
                <stringProp name="Argument.value"></stringProp>
                <stringProp name="Argument.metadata">=</stringProp>
                <boolProp name="HTTPArgument.use_equals">true</boolProp>
              </elementProp>
              <elementProp name="path[alias]" elementType="HTTPArgument">
                <boolProp name="HTTPArgument.always_encode">false</boolProp>
                <stringProp name="Argument.name">path[alias]</stringProp>
                <stringProp name="Argument.value"></stringProp>
                <stringProp name="Argument.metadata">=</stringProp>
                <boolProp name="HTTPArgument.use_equals">true</boolProp>
              </elementProp>
              <elementProp name="comment" elementType="HTTPArgument">
                <boolProp name="HTTPArgument.always_encode">false</boolProp>
                <stringProp name="Argument.name">comment</stringProp>
                <stringProp name="Argument.value">2</stringProp>
                <stringProp name="Argument.metadata">=</stringProp>
                <boolProp name="HTTPArgument.use_equals">true</boolProp>
              </elementProp>
              <elementProp name="name" elementType="HTTPArgument">
                <boolProp name="HTTPArgument.always_encode">false</boolProp>
                <stringProp name="Argument.name">name</stringProp>
                <stringProp name="Argument.value">admin</stringProp>
                <stringProp name="Argument.metadata">=</stringProp>
                <boolProp name="HTTPArgument.use_equals">true</boolProp>
              </elementProp>
              <elementProp name="date" elementType="HTTPArgument">
                <boolProp name="HTTPArgument.always_encode">false</boolProp>
                <stringProp name="Argument.name">date</stringProp>
                <stringProp name="Argument.value"></stringProp>
                <stringProp name="Argument.metadata">=</stringProp>
                <boolProp name="HTTPArgument.use_equals">true</boolProp>
              </elementProp>
              <elementProp name="status" elementType="HTTPArgument">
                <boolProp name="HTTPArgument.always_encode">false</boolProp>
                <stringProp name="Argument.name">status</stringProp>
                <stringProp name="Argument.value">1</stringProp>
                <stringProp name="Argument.metadata">=</stringProp>
                <boolProp name="HTTPArgument.use_equals">true</boolProp>
              </elementProp>
              <elementProp name="promote" elementType="HTTPArgument">
                <boolProp name="HTTPArgument.always_encode">false</boolProp>
                <stringProp name="Argument.name">promote</stringProp>
                <stringProp name="Argument.value">1</stringProp>
                <stringProp name="Argument.metadata">=</stringProp>
                <boolProp name="HTTPArgument.use_equals">true</boolProp>
              </elementProp>
              <elementProp name="additional_settings__active_tab" elementType="HTTPArgument">
                <boolProp name="HTTPArgument.always_encode">false</boolProp>
                <stringProp name="Argument.name">additional_settings__active_tab</stringProp>
                <stringProp name="Argument.value">edit-menu</stringProp>
                <stringProp name="Argument.metadata">=</stringProp>
                <boolProp name="HTTPArgument.use_equals">true</boolProp>
              </elementProp>
              <elementProp name="op" elementType="HTTPArgument">
                <boolProp name="HTTPArgument.always_encode">false</boolProp>
                <stringProp name="Argument.name">op</stringProp>
                <stringProp name="Argument.value">Save</stringProp>
                <stringProp name="Argument.metadata">=</stringProp>
                <boolProp name="HTTPArgument.use_equals">true</boolProp>
              </elementProp>
            </collectionProp>
          </elementProp>
          <stringProp name="HTTPSampler.domain">localhost</stringProp>
          <stringProp name="HTTPSampler.port">15080</stringProp>
          <stringProp name="HTTPSampler.connect_timeout"></stringProp>
          <stringProp name="HTTPSampler.response_timeout"></stringProp>
          <stringProp name="HTTPSampler.protocol">http</stringProp>
          <stringProp name="HTTPSampler.contentEncoding">utf-8</stringProp>
          <stringProp name="HTTPSampler.path">/node/add/article?render=overlay&amp;render=overlay</stringProp>
          <stringProp name="HTTPSampler.method">POST</stringProp>
          <boolProp name="HTTPSampler.follow_redirects">true</boolProp>
          <boolProp name="HTTPSampler.auto_redirects">false</boolProp>
          <boolProp name="HTTPSampler.use_keepalive">true</boolProp>
          <boolProp name="HTTPSampler.DO_MULTIPART_POST">true</boolProp>
          <boolProp name="HTTPSampler.BROWSER_COMPATIBLE_MULTIPART">true</boolProp>
          <boolProp name="HTTPSampler.image_parser">true</boolProp>
          <boolProp name="HTTPSampler.monitor">false</boolProp>
          <stringProp name="HTTPSampler.embedded_url_re"></stringProp>
          <stringProp name="TestPlan.comments">Detected the start of a redirect chain</stringProp>
        </HTTPSamplerProxy>
        <hashTree>
          <HeaderManager guiclass="HeaderPanel" testclass="HeaderManager" testname="HTTP Header Manager" enabled="true">
            <collectionProp name="HeaderManager.headers">
              <elementProp name="Accept-Language" elementType="Header">
                <stringProp name="Header.name">Accept-Language</stringProp>
                <stringProp name="Header.value">en-US,en;q=0.5</stringProp>
              </elementProp>
              <elementProp name="Accept" elementType="Header">
                <stringProp name="Header.name">Accept</stringProp>
                <stringProp name="Header.value">text/html,application/xhtml+xml,application/xml;q=0.9,*/*;q=0.8</stringProp>
              </elementProp>
              <elementProp name="User-Agent" elementType="Header">
                <stringProp name="Header.name">User-Agent</stringProp>
                <stringProp name="Header.value">Mozilla/5.0 (Macintosh; Intel Mac OS X 10.11; rv:41.0) Gecko/20100101 Firefox/41.0</stringProp>
              </elementProp>
              <elementProp name="Referer" elementType="Header">
                <stringProp name="Header.name">Referer</stringProp>
                <stringProp name="Header.value">http://localhost:15080/node/add/article?render=overlay</stringProp>
              </elementProp>
              <elementProp name="Accept-Encoding" elementType="Header">
                <stringProp name="Header.name">Accept-Encoding</stringProp>
                <stringProp name="Header.value">gzip, deflate</stringProp>
              </elementProp>
            </collectionProp>
          </HeaderManager>
          <hashTree/>
        </hashTree>
        <HTTPSamplerProxy guiclass="HttpTestSampleGui" testclass="HTTPSamplerProxy" testname="/user/logout" enabled="true">
          <elementProp name="HTTPsampler.Arguments" elementType="Arguments" guiclass="HTTPArgumentsPanel" testclass="Arguments" enabled="true">
            <collectionProp name="Arguments.arguments"/>
          </elementProp>
          <stringProp name="HTTPSampler.domain">localhost</stringProp>
          <stringProp name="HTTPSampler.port">15080</stringProp>
          <stringProp name="HTTPSampler.connect_timeout"></stringProp>
          <stringProp name="HTTPSampler.response_timeout"></stringProp>
          <stringProp name="HTTPSampler.protocol">http</stringProp>
          <stringProp name="HTTPSampler.contentEncoding"></stringProp>
          <stringProp name="HTTPSampler.path">/user/logout</stringProp>
          <stringProp name="HTTPSampler.method">GET</stringProp>
          <boolProp name="HTTPSampler.follow_redirects">true</boolProp>
          <boolProp name="HTTPSampler.auto_redirects">false</boolProp>
          <boolProp name="HTTPSampler.use_keepalive">true</boolProp>
          <boolProp name="HTTPSampler.DO_MULTIPART_POST">false</boolProp>
          <boolProp name="HTTPSampler.image_parser">true</boolProp>
          <boolProp name="HTTPSampler.monitor">false</boolProp>
          <stringProp name="HTTPSampler.embedded_url_re"></stringProp>
          <stringProp name="TestPlan.comments">Detected the start of a redirect chain</stringProp>
        </HTTPSamplerProxy>
        <hashTree>
          <HeaderManager guiclass="HeaderPanel" testclass="HeaderManager" testname="HTTP Header Manager" enabled="true">
            <collectionProp name="HeaderManager.headers">
              <elementProp name="Accept-Language" elementType="Header">
                <stringProp name="Header.name">Accept-Language</stringProp>
                <stringProp name="Header.value">en-US,en;q=0.5</stringProp>
              </elementProp>
              <elementProp name="Accept" elementType="Header">
                <stringProp name="Header.name">Accept</stringProp>
                <stringProp name="Header.value">text/html,application/xhtml+xml,application/xml;q=0.9,*/*;q=0.8</stringProp>
              </elementProp>
              <elementProp name="User-Agent" elementType="Header">
                <stringProp name="Header.name">User-Agent</stringProp>
                <stringProp name="Header.value">Mozilla/5.0 (Macintosh; Intel Mac OS X 10.11; rv:41.0) Gecko/20100101 Firefox/41.0</stringProp>
              </elementProp>
              <elementProp name="Referer" elementType="Header">
                <stringProp name="Header.name">Referer</stringProp>
                <stringProp name="Header.value">http://localhost:15080/node/2</stringProp>
              </elementProp>
              <elementProp name="Accept-Encoding" elementType="Header">
                <stringProp name="Header.name">Accept-Encoding</stringProp>
                <stringProp name="Header.value">gzip, deflate</stringProp>
              </elementProp>
            </collectionProp>
          </HeaderManager>
          <hashTree/>
        </hashTree>
        <DebugSampler guiclass="TestBeanGUI" testclass="DebugSampler" testname="Debug Sampler" enabled="true">
          <boolProp name="displayJMeterProperties">false</boolProp>
          <boolProp name="displayJMeterVariables">true</boolProp>
          <boolProp name="displaySystemProperties">false</boolProp>
        </DebugSampler>
        <hashTree/>
      </hashTree>
    </hashTree>
  </hashTree>
</jmeterTestPlan>
